First Name,LastName,Gender,DateOfBirth,Home Street,Home PostCode,Home Country,Work Street,Work PostCode,Work Country,Home Phone,Work Phone
Lisa,Peomig,F,-61344000000,36 Church Avenue,L30 4GB,AUS,101 Church Close,E98 1TT,CHI,'+54-235525333','+56-957904777'
Samuel,Diuxa,M,-36291600000,129 Close Close,E20 3ET,IND,46 Tower Hill,LS98 1FD,USA,'+22-103174777','+74-798845888'
Kiran,Liohwoc,M,-406425600000,76 Upper Tower,GIR 0AA,USA,158 Nightingale Close,E20 3ET,GB,'+47-278587000','+8-422704777'
Arif,Hodoelyuis,M,93225600000,83 Hill Bristol,EC4Y 0HQ,IND,130 Bromwood Bromwood,S2 4SU,GB,'+58-164276333','+10-324773222'
Julia,Pemleudb,F,332290800000,20 Grace Union,E20 3HB,GB,191 Lower Rover,E98 1SN,GB,'+55-306660222','+66-959299999'
Lisa,Pahqeluul,F,343699200000,113 Hill London,EC2N 2DB,AUS,68 Rover Bromwood,E20 2ST,AUS,'+92-351296999','+87-765233999'
Dave,Cezoalid,M,-251337600000,182 High High,E16 1XL,CHI,88 Spring Avenue,SW1A 2AA,USA,'+81-678787555','+2-140982000'
Kylie,Kemfumei,F,-5706000000,172 Church Nightingale,DH99 1NS,CHI,128 Union Avenue,W1A 1AA,AUS,'+58-260973777','+76-533113777'
Joe,Ameavazz,M,-277516800000,8 Lower Bromwood,E98 1ST,CHI,154 Avenue Church,E20 3EL,USA,'+84-511913444','+68-680154444'
Jason,Ezoowauz,M,183164400000,78 Avenue Union,E20 3EL,IND,28 High Bromwood,N81 1ER,GB,'+87-712973555','+38-346390777'
Joe,Meecgiepiy,M,-373161600000,98 Grace Tower,DH98 1BT,USA,15 Union Upper,E16 1XL,USA,'+36-557317999','+75-923398333'
Lisa,Ixaowuotza,F,-373680000000,99 Spring London,SE1 8UJ,GB,139 Nightingale Upper,E20 2AQ,CHI,'+33-350773444','+43-871698222'
Dave,Dazliz,M,245458800000,122 Grace Spring,NG80 1LH,IND,168 Bromwood Church,E20 3EL,GB,'+19-873440333','+37-251476333'
Jon,Visqee,M,-420080400000,138 Avenue Rover,SW1A 2AA,GB,179 Bromwood Union,CF10 1BH,AUS,'+6-339188222','+85-442283111'
Gabs,Wieljacd,M,286070400000,160 London Hill,E98 1TT,AUS,134 Church Bristol,SW1A 0AA,USA,'+98-843828888','+90-252827777'
Grace,Qeetey,F,-109558800000,4 Rover Church,NG80 1RH,AUS,152 London Lower,E20 3ET,USA,'+71-830422777','+88-482210111'
Hoshi,Sogiyte,M,-272077200000,156 Tower Church,W1N 4DJ,GB,21 Union Grace,PH1 5RB,USA,'+69-332633777','+82-415548888'
Kit,Eqiqgeetl,M,-370569600000,163 Church Lower,CF99 1NA,USA,142 Grace High,S2 4SU,GB,'+24-212448222','+21-425679888'
Maya,Keihsiupes,F,-398134800000,135 Spring Upper,PH1 5RB,CHI,122 Close Bromwood,CF10 1BH,CHI,'+90-859961666','+36-582853888'
Arif,Fuggeqpaa,M,-14346000000,142 Avenue Bromwood,E16 1XL,CHI,167 London Bromwood,BX1 1LT,IND,'+94-276785888','+0-691616555'
Dave,Huon,M,321148800000,13 Lower Rover,E98 1ST,IND,79 Close High,E20 2BB,USA,'+33-331236555','+28-114359999'
Grace,Luugt,F,404438400000,123 Bristol Lower,NG80 1EH,USA,49 Rover Close,SW1P 3EU,IND,'+8-904461111','+18-866852888'
Kiran,Xazei,M,-19875600000,177 Spring High,EC2N 2DB,GB,188 Lower Lower,W7 1DR,CHI,'+38-861160444','+98-243649666'
Samuel,Mojkakear,M,40345200000,149 Grace Nightingale,PH1 5RB,AUS,76 Church Grace,GIR 0AA,AUS,'+55-568999999','+72-511191555'
Gabs,Zuucuxidni,M,-282268800000,44 Union Bristol,E16 1XL,GB,86 Close Close,E20 3EL,GB,'+31-735555555','+81-847030888'
Julia,Usqa,F,69379200000,109 London London,SW1A 0AA,CHI,45 High Upper,EC2N 2DB,IND,'+53-126790888','+49-188132000'
Ed,Diupu,M,-202093200000,80 Lower Close,NG80 1TH,USA,10 Avenue Spring,SW1A 2AA,IND,'+74-456925000','+65-993985000'
Maya,Evvetuug,F,-185587200000,122 Close Church,E20 2AQ,GB,83 Church Nightingale,E98 1TT,CHI,'+92-620638111','+44-846164777'
Cameron,Axoexeot,M,269737200000,52 Avenue Tower,SW1A 2AA,IND,111 Union Grace,BX2 1LB,AUS,'+67-997830999','+30-171592444'
Rita,Eyguam,F,-370310400000,93 Upper Bromwood,NG80 1TH,CHI,131 High Upper,DE99 3GG,CHI,'+91-733157222','+69-246564222'
Maya,Sohoneuj,F,411264000000,18 Avenue London,NG80 1RH,USA,21 Spring Bristol,E20 3ET,CHI,'+69-371985555','+29-209728999'
Kiran,Qegte,M,-361155600000,19 Rover Nightingale,W1N 4DJ,USA,59 High Bristol,E20 3EL,AUS,'+89-176117555','+8-302393777'
Samuel,Ragpugbiu,M,276735600000,59 Close Close,E20 3EL,AUS,176 London Bristol,E20 2ST,USA,'+83-530000000','+46-910069666'
Arif,Olyuwlued,M,1897200000,36 Lower Close,W1D 4FA,USA,142 Nightingale Upper,IV21 2LR,USA,'+31-318678999','+83-218932777'
Jason,Vacyobpeu,M,312076800000,40 Nightingale Bromwood,BX3 2BB,CHI,145 Tower Grace,S6 1SW,AUS,'+73-396835666','+94-370238666'
Victoria,Irluo,F,-160444800000,51 Spring Bristol,SE1 8UJ,GB,85 Grace High,W7 1DR,GB,'+2-652272333','+85-794065222'
Dave,Soijiqq,M,70153200000,164 Tower High,SE1 8UJ,CHI,37 Upper Avenue,L30 4GB,AUS,'+63-474791999','+1-848835222'
Toby,Dultaapbau,M,-70938000000,150 London Upper,L30 4GB,AUS,55 Avenue Tower,E98 1TT,CHI,'+25-939393555','+12-884680222'
Julia,Zuvgoudai,F,-267066000000,126 Close Lower,SW1P 3EU,AUS,43 Lower Upper,BS98 1TL,USA,'+47-637000222','+19-189250666'
Julia,Dibux,F,-161308800000,173 High Avenue,NG80 1RH,USA,146 High Nightingale,W7 1DR,AUS,'+16-783289111','+67-659951666'
Dave,Vage,M,-249091200000,44 Church Church,IV21 2LR,CHI,38 Union Lower,NG80 1TH,GB,'+85-174179777','+3-591588444'
Tim,Vaarfe,M,-463539600000,80 Tower Hill,DH99 1NS,IND,71 Bristol Union,S6 1SW,USA,'+84-850696000','+24-171347777'
Maya,Siczitji,F,-5274000000,154 London Union,BX1 1LT,CHI,79 Church Nightingale,SW1A 0AA,CHI,'+55-542415000','+4-535856000'
Jason,Mochi,M,-161568000000,146 Tower Church,G58 1SB,USA,110 Close Lower,W1N 4DJ,CHI,'+61-789953111','+54-929503222'
Kit,Futxispore,M,-97459200000,34 Close Upper,DH98 1BT,GB,168 Union Lower,BX2 1LB,USA,'+48-106928888','+45-550517777'
Tim,Ulisii,M,125712000000,189 Rover Lower,DH99 1NS,CHI,176 Bromwood Bromwood,GIR 0AA,GB,'+38-158150777','+16-631270333'
Jon,Duujni,M,-10976400000,133 Upper Close,SW1A 0AA,GB,30 Union Bristol,EH99 1SP,AUS,'+91-127331000','+11-346139999'
Rita,Qodi,F,-436060800000,178 Church Bristol,N1 9GU,CHI,18 Rover Rover,SW1A 2AA,AUS,'+5-894359444','+38-627086666'
Kit,Hoowpatai,M,-35773200000,104 Bromwood Nightingale,NG80 1RH,GB,151 Union Church,IV21 2LR,USA,'+98-998268666','+82-484575888'
Maya,Hetuwuic,F,264121200000,118 Close Union,S6 1SW,GB,88 Spring Church,E20 3HB,CHI,'+75-443592444','+84-527547222'
Shamsu,Waqviim,M,-60307200000,121 Grace High,GIR 0AA,GB,40 Avenue Union,IV21 2LR,AUS,'+52-453938777','+67-829398111'
Kylie,Qoohe,F,185414400000,161 Bristol Grace,PH1 5RB,IND,59 Lower Upper,W1N 4DJ,AUS,'+73-573538777','+56-203151444'
Kylie,Basy,F,9932400000,112 Bristol High,S6 1SW,CHI,74 Spring Rover,N81 1ER,GB,'+16-471393444','+20-341940666'
Grace,Saitwe,F,-285638400000,85 Tower Rover,GIR 0AA,USA,39 London Upper,E16 1XL,AUS,'+76-459291111','+61-899703444'
Arif,Dokirufao,M,-30330000000,137 London London,L30 4GB,AUS,67 Bromwood Church,EC2N 2DB,USA,'+50-477054999','+44-645119555'
Julia,Loul,F,-406080000000,56 Rover Rover,S2 4SU,USA,87 Avenue Union,L30 4GB,GB,'+33-783054777','+16-346088000'
Samuel,Topma,M,-459738000000,34 London Grace,SE1 8UJ,CHI,106 Upper Lower,IV21 2LR,CHI,'+45-251386111','+15-872687999'
Ray,Yapyeodeic,M,46220400000,81 Hill Grace,DE99 3GG,GB,61 Spring Rover,IV21 2LR,IND,'+88-245117333','+49-695844222'
Ed,Awcoah,M,-247363200000,76 Tower Rover,SW1A 0PW,AUS,120 Nightingale Close,EC4Y 0HQ,USA,'+67-496680777','+89-945618777'
Grace,Tieduv,F,-207104400000,184 Rover Rover,NG80 1EH,USA,122 Lower Union,W1N 4DJ,CHI,'+6-327771222','+22-729782777'
Julia,Pooca,F,-293072400000,110 Rover Avenue,E20 3ET,GB,29 Avenue Lower,CF10 1BH,CHI,'+95-265881000','+62-305924333'
Arif,Ossama,M,-68950800000,61 Bristol Bromwood,NG80 1RH,CHI,153 Hill Bromwood,BS98 1TL,GB,'+50-813205111','+12-332867111'
Dave,Quirae,M,-204426000000,71 Bromwood Bromwood,S6 1SW,USA,169 Rover Bromwood,CF10 1BH,AUS,'+56-143388000','+83-356337666'
Gabs,Ibju,M,-212202000000,23 Spring Nightingale,G58 1SB,USA,45 Spring Bromwood,LS98 1FD,GB,'+77-669745666','+87-885049666'
Martha,Tieqmuzas,F,188438400000,78 Bromwood High,NG80 1LH,USA,10 Church Bromwood,NG80 1LH,IND,'+47-856896555','+36-779317888'
Kiran,Zeakruhj,M,-285292800000,175 Bromwood Bromwood,E20 2ST,IND,48 Avenue Hill,BX2 1LB,AUS,'+97-948402777','+87-754116666'
Rita,Kaaspeeb,F,-272768400000,135 Upper Upper,NG80 1EH,CHI,121 Hill Bromwood,SW1A 0AA,IND,'+39-516010111','+55-870589333'
Tim,Pusufgeugj,M,-22986000000,84 Lower Close,SE1 8UJ,USA,115 Bromwood Lower,EC2N 2DB,IND,'+46-267553555','+15-607944666'
Abi,Qojmaomut,F,-308188800000,49 Church Rover,CF10 1BH,CHI,48 Church Avenue,E98 1TT,IND,'+36-411943555','+73-593653333'
Kit,Guyoorse,M,310348800000,108 Upper Avenue,DE99 3GG,IND,127 Close Nightingale,NG80 1LH,AUS,'+93-932488555','+79-948105555'
Rita,Qaazeajenz,F,-60134400000,92 Bromwood Lower,DH98 1BT,AUS,198 Lower Tower,E20 2BB,AUS,'+74-988211777','+87-542163666'
Dave,Juozeceoj,M,-227149200000,181 Avenue High,E20 2BB,GB,170 Grace Nightingale,SW1P 3EU,USA,'+62-289220777','+9-447671444'
Samuel,Miop,M,-4842000000,10 Grace Rover,LS98 1FD,CHI,0 Tower Grace,W1D 4FA,CHI,'+75-553967888','+40-602112777'
Ed,Yoino,M,193795200000,39 Union Hill,W1N 4DJ,USA,177 Union Tower,S2 4SU,USA,'+17-692071666','+86-935051222'
Hoshi,Cefie,M,423270000000,0 Spring High,E20 3HB,AUS,117 Hill Tower,E20 2ST,USA,'+9-803796555','+78-728973111'
Jason,Ovoijiawzo,M,-375062400000,193 Avenue Bristol,NG80 1TH,IND,75 Church Bristol,E20 3HB,IND,'+26-612988999','+8-580666444'
Toby,Woacwazc,M,-412473600000,2 Bristol Tower,GIR 0AA,CHI,107 High Bromwood,BX3 2BB,USA,'+96-709218000','+11-991779999'
Victoria,Fizxiteehj,F,397004400000,5 Grace Spring,E20 2AQ,GB,84 Church Rover,E98 1ST,GB,'+14-422531000','+67-110872222'
Julia,Waxp,F,-141094800000,170 London Bristol,EC4Y 0HQ,USA,18 Rover Avenue,E20 3HY,GB,'+4-499746888','+70-205172666'
Rita,Ufxee,F,-438825600000,163 Upper Avenue,E20 3HY,IND,152 Spring Spring,GIR 0AA,AUS,'+70-735198444','+80-603098555'
Arif,Favtam,M,-273286800000,150 Bristol High,E20 3ET,IND,71 Avenue Church,E20 3EL,USA,'+74-195793888','+67-452230555'
Kiran,Haubnip,M,-97459200000,154 Lower Spring,E98 1TT,AUS,21 Grace Nightingale,NG80 1RH,AUS,'+56-986703777','+5-471371111'
Martha,Masgasimi,F,-19962000000,153 Tower Rover,NG80 1RH,CHI,176 High Bristol,N81 1ER,IND,'+81-191141333','+96-919337555'
Ed,Nutnauh,M,404438400000,110 Hill Tower,SW1W 0DT,AUS,12 London Nightingale,BX5 5AT,CHI,'+95-252182222','+41-999162000'
Rita,Saogj,F,192240000000,198 Union Tower,NG80 1RH,GB,62 Tower Grace,LS98 1FD,CHI,'+7-478320444','+39-231521666'
Grace,Ceohidkat,F,-325213200000,44 Bristol Bristol,DH99 1NS,IND,84 Hill Nightingale,E98 1SN,CHI,'+36-664723666','+73-692369888'
Kit,Keaste,M,-378172800000,18 Rover Upper,E98 1ST,GB,92 Bromwood Lower,EC4Y 0HQ,USA,'+23-873741111','+22-553062222'
Lisa,Yoomuxlia,F,-312768000000,167 Spring Nightingale,W1A 1AA,CHI,27 Grace Upper,E98 1SN,GB,'+85-215748000','+48-116613777'
Victoria,Husxeiffud,F,-154224000000,106 Bristol Rover,LS98 1FD,GB,141 Grace Upper,E20 3ET,CHI,'+34-855392111','+75-489061888'
Victoria,Xagoiv,F,-422067600000,87 Nightingale Rover,E20 3ET,CHI,117 Nightingale Rover,CF10 1BH,CHI,'+22-232102777','+67-936167888'
Ray,Tiaj,M,-129254400000,61 Church Rover,SW1A 0AA,IND,14 Lower Church,W1N 4DJ,AUS,'+55-821561333','+87-784424222'
Arif,Itoutse,M,19004400000,116 Bromwood Hill,N81 1ER,USA,74 Lower High,SW1A 0PW,AUS,'+10-613375555','+51-247750000'
Lisa,Woiybo,F,-203994000000,148 Avenue Avenue,IV21 2LR,USA,18 Lower Spring,SW1A 2AA,GB,'+73-365512777','+58-365763222'
Gabs,Joivoh,M,384220800000,96 High London,EC2N 2DB,AUS,122 High Bristol,E98 1TT,GB,'+91-348333333','+46-384174777'
Ray,Onip,M,-429930000000,13 London Church,IV21 2LR,GB,128 Hill High,E20 3ET,GB,'+73-622975777','+0-683045222'
Lisa,Yorif,F,-346809600000,79 High Grace,E98 1ST,IND,29 Bristol Close,BX5 5AT,AUS,'+14-847329333','+1-140116777'
Cameron,Voov,M,75769200000,158 Avenue Tower,N1 9GU,IND,99 Close London,GIR 0AA,CHI,'+32-477103222','+75-964462333'
Ed,Sunaikegi,M,-118544400000,3 Bristol Close,S2 4SU,AUS,103 Grace London,NG80 1EH,GB,'+1-203583000','+81-658338777'
Julia,Peumozofz,F,-393210000000,87 Nightingale Union,E20 3ET,GB,50 Bromwood Avenue,SW1P 3EU,USA,'+79-534440777','+10-392675888'
Hoshi,Loavqejofo,M,135990000000,43 Church Lower,S6 1SW,CHI,6 Close Bristol,SW1W 0DT,GB,'+35-864138222','+92-800130222'
